wrong-pow.html /wrong-pow/
cgroups-k8s.html /cgroups-k8s/
pipewire.html /pipewire/
metro-git.html /metro-git/
purpose.html /purpose/
meta.html /meta/
tetris.html /tetris/
